id,filetype,tags,date,note
m1,.jpg,?,,
m2,.jpg,?,,
m3,.jpg,?,,
m4,.jpg,?,,
m5,.jpg,?,,
m6,.jpg,?,,
m7,.jpg,?,,
m8,.jpg,?,,
m9,.jpg,?,,
m10,.jpg,?,,
m11,.jpg,?,,
m12,.jpg,?,,
m13,.jpg,?,,
m14,.jpg,?,,
m15,.jpg,?,,
m16,.jpg,?,,
m17,.jpg,?,,
m18,.jpg,?,,
m19,.jpg,?,,
m20,.jpg,?,,
m21,.jpg,?,,
m22,.jpg,?,,
m23,.jpg,?,,
m24,.jpg,?,,
m25,.jpg,?,,
m26,.jpg,?,,
m27,.jpg,?,,
m28,.jpg,?,,
m29,.jpg,?,,
m30,.jpg,?,,
m31,.jpg,?,,
m32,.jpg,?,,
m33,.jpg,?,,
m34,.jpg,?,,
m35,.jpg,?,,
m36,.jpg,?,,
m37,.jpg,?,,
m38,.jpg,?,,
m39,.jpg,?,,
m40,.mp4,?,,
m41,.jpg,?,,
m42,.jpg,?,,
m43,.jpg,?,,
m44,.jpg,?,,
m45,.mp4,?,,
m46,.jpg,?,,
m47,.jpg,!,,
m48,.jpg,!,,
m49,.jpg,!,,
m50,.jpg,?,,
m51,.jpg,?,,
m52,.jpg,?,,
m53,.jpg,?,,
m54,.jpg,?,,
m55,.mp4,?,,
m56,.jpg,?,,
m57,.jpg,?,,
m58,.jpg,?,,
m59,.jpg,?,,
m60,.jpg,?,,
m61,.jpg,?,,
m62,.jpg,?,,
m63,.jpg,?,,
m64,.jpg,?,,
m65,.jpg,?,,
m66,.jpg,?,,
m67,.jpg,?,,
m68,.jpg,?,,
m69,.jpg,?,,
m70,.jpg,?,,
m71,.jpg,?,,
m72,.jpg,?,,
m73,.jpg,?,,
m74,.jpg,?,,
m75,.jpg,?,,
m76,.jpg,?,,
m77,.jpg,!,,
m78,.jpg,!,,
m79,.jpg,!,,
m80,.jpg,!,,
m81,.jpg,!,,
m82,.jpg,!,,
m83,.jpg,!,,
m84,.jpg,!,,
m85,.jpg,!,,
m86,.jpg,!,,
m87,.jpg,?,,
m88,.jpg,?,,
m89,.jpg,!,,
m90,.jpg,!,,
m91,.jpg,!,,
m92,.jpg,!,,
m93,.jpg,!,,
m94,.jpg,!,,
m95,.jpg,?,,
m96,.jpg,?,,
m97,.jpg,?,,
m98,.jpg,?,,
m99,.jpg,?,,
m100,.jpg,?,,
m101,.jpg,?,,
m102,.jpg,?,,
m103,.jpg,?,,
m104,.jpg,?,,
m105,.jpg,?,,
m106,.jpg,?,,
m107,.jpg,?,,
m108,.jpg,?,,
m109,.jpg,?,,
m110,.jpg,?,,
m111,.jpg,?,,
m112,.jpg,?,,
m113,.jpg,?,,
m114,.jpg,?,,
m115,.jpg,?,,
m116,.jpg,?,,
m117,.jpg,?,,
m118,.jpg,?,,
m119,.jpg,?,,
m120,.jpg,?,,
m121,.jpg,?,,
m122,.jpg,?,,
m123,.jpg,?,,
m124,.jpg,?,,
m125,.jpg,?,,
m126,.jpg,?,,
m127,.jpg,?,,
m128,.jpg,?,,
m129,.jpg,?,,
m130,.jpg,?,,
m131,.jpg,?,,
m132,.jpg,?,,
m133,.jpg,?,,
m134,.jpg,?,,
m135,.jpg,?,,
m136,.jpg,?,,
m137,.jpg,?,,
m138,.jpg,?,,
m139,.jpg,?,,
m140,.jpg,?,,
m141,.jpg,?,,
m142,.jpg,?,,
m143,.jpg,?,,
m144,.jpg,?,,
m145,.jpg,?,,
m146,.jpg,?,,
m147,.jpg,?,,
m148,.jpg,?,,
m149,.jpg,?,,
m150,.jpg,?,,
m151,.jpg,?,,
m152,.jpg,?,,
m153,.jpg,?,,
m154,.jpg,?,,
m155,.jpg,?,,
m156,.jpg,?,,
m157,.jpg,?,,
m158,.jpg,?,,
m159,.jpg,?,,
m160,.jpg,?,,
m161,.jpg,!,,
m162,.jpg,!,,
m163,.jpg,!,,
m164,.jpg,!,,
m165,.jpg,!,,
m166,.jpg,?,,
m167,.jpg,?,,
m168,.jpg,?,,
m169,.jpg,?,,
m170,.jpg,?,,
m171,.jpg,?,,
m172,.jpg,?,,
m173,.jpg,?,,
m174,.jpg,?,,
m175,.jpg,?,,
m176,.jpg,?,,
m177,.jpg,?,,
m178,.jpg,?,,
m179,.jpg,?,,
m180,.jpg,?,,
m181,.jpg,?,,
m182,.jpg,?,,
m183,.jpg,?,,
m184,.jpg,?,,
m185,.jpg,?,,
m186,.jpg,?,,
m187,.jpg,?,,
m188,.jpg,?,,
m189,.jpg,?,,
m190,.jpg,?,,
m191,.mp4,?,,
m192,.jpg,?,,
m193,.mp4,?,,
m194,.mp4,?,,
m195,.jpg,?,,
m196,.jpg,?,,
m197,.jpg,?,,
m198,.jpg,?,,
m199,.mp4,?,,
m200,.jpg,¿i,,
m201,.jpg,¿i,,
m202,.jpg,¿i,,
m203,.jpg,¿i,,
m204,.jpg,¿,,
m205,.jpg,¿,,
m206,.jpg,¿,,
m207,.jpg,¿,,
m208,.jpg,¿,,
m209,.jpg,¿,,
m210,.jpg,¿,,
m211,.jpg,¿,,
m212,.jpg,¿,,
m213,.mp4,¿,,
m214,.jpg,¿,,
m215,.jpg,¿,,
m216,.jpg,¿,,
m217,.mp4,¿,,
m218,.jpg,¿,,
m219,.jpg,¿,,
m220,.jpg,¿,,
m221,.jpg,¿,,
m222,.jpg,¿,,
m223,.jpg,¿,,
m224,.jpg,¿,,
m225,.jpg,¿,,
m226,.jpg,¿,,
m227,.jpg,¿,,
m228,.jpg,¿,,
m229,.jpg,¿,,
m230,.mp4,?,,
m231,.jpg,?,,
m232,.jpg,?,,
m233,.jpg,?,,
m234,.jpg,?,,
m235,.jpg,?,,
m236,.jpg,?,,
m237,.jpg,?,,
m238,.jpg,?,,
m239,.jpg,?,,
m240,.jpg,?,,
m241,.jpg,?,,
m242,.jpg,?,,
m243,.jpg,?,,
m244,.jpg,?,,
m245,.jpg,?,,
m246,.jpg,?,,
m247,.jpg,?,,
m248,.jpg,?,,
m249,.mp4,?,,
m250,.jpg,?,,
m251,.jpg,?,,
m252,.jpg,?,,
m253,.jpg,?,,
m254,.jpg,?,,
m255,.jpg,?,,
m256,.jpg,?,,
m257,.jpg,?,,
m258,.mp4,?,,
m259,.mp4,?,,
m260,.jpg,?,,
m261,.jpg,?,,
m262,.jpg,?,,
m263,.jpg,?,,
m264,.jpg,?,,
m265,.jpg,?,,
m266,.jpg,?,,
m267,.jpg,?,,
m268,.jpg,?,,
m269,.jpg,?,,
m270,.jpg,?,,
m271,.jpg,?,,
m272,.jpg,?,,
m273,.jpg,?,,
m274,.jpg,?,,
m275,.jpg,?,,
m276,.jpg,?,,
m277,.jpg,?,,
m278,.jpg,?,,
m279,.jpg,?,,
m280,.jpg,?,,
m281,.jpg,?,,
m282,.jpg,?,,
m283,.jpg,?,,
m284,.jpg,?,,
m285,.jpg,?,,
m286,.jpg,?,,
m287,.jpg,?,,
m288,.jpg,?,,
m289,.jpg,?,,
m290,.jpg,?,,
m291,.jpg,?,,
m292,.jpg,?,,
m293,.jpg,?,,
m294,.jpg,?,,
m295,.jpg,?,,
m296,.jpg,?,,
m297,.jpg,?,,
m298,.jpg,?,,
m299,.jpg,?,,
m300,.jpg,?,,
m301,.jpg,?,,
m302,.jpg,?,,
m303,.jpg,?,,
m304,.jpg,?,,
m305,.jpg,?,,
m306,.jpg,?,,
m307,.jpg,?,,
m308,.jpg,?,,
m309,.jpg,?,,
m310,.mp4,?,,
m311,.mp4,?,,
m312,.jpg,?,,
m313,.jpg,?,,
m314,.jpg,?,,
m315,.jpg,?,,
m316,.jpg,?,,
m317,.jpg,?,,
m318,.jpg,?,,
m319,.jpg,?,,
m320,.jpg,?,,
m321,.jpg,?,,
m322,.jpg,?,,
m323,.jpg,?,,
m324,.jpg,?,,
m325,.jpg,?,,
m326,.jpg,?,,
m327,.jpg,?,,
m328,.jpg,?,,
m329,.jpg,?,,
m330,.jpg,?,,
m331,.jpg,?,,
m332,.jpg,?,,
m333,.jpg,?,,
m334,.jpg,?,,
m335,.jpg,?,,
m336,.mp4,?,,
m337,.jpg,?,,
m338,.jpg,?,,
m339,.jpg,?,,
m340,.jpg,?,,
m341,.jpg,?,,
m342,.jpg,?,,
m343,.jpg,?,,
m344,.jpg,?,,
m345,.jpg,?,,
m346,.jpg,?,,
m347,.jpg,?,,
m348,.jpg,?,,
m349,.jpg,?,,
m350,.jpg,?,,
m351,.jpg,?,,
m352,.jpg,?,,
m353,.jpg,?,,
m354,.jpg,?,,
m355,.jpg,?,,
m356,.jpg,?,,
m357,.jpg,?,,
m358,.mp4,?,,
m359,.jpg,?,,
m360,.jpg,?,,
m361,.mp4,?,,
m362,.jpg,?,,
m363,.jpg,?,,
m364,.jpg,?,,
m365,.jpg,?,,
m366,.jpg,?,,
m367,.jpg,?,,
m368,.jpg,?,,
m369,.jpg,?,,
m370,.jpg,?,,
m371,.jpg,?,,
m372,.jpg,?,,
m373,.jpg,?,,
m374,.jpg,?,,
m375,.jpg,?,,
m376,.jpg,?,,
m377,.jpg,?,,
m378,.jpg,?,,
m379,.jpg,?,,
m380,.jpg,?,,
m381,.jpg,G,,
m382,.jpg,G,,
m383,.jpg,G,,
m384,.jpg,G,,
m385,.jpg,G,,
m386,.jpg,G,,
m387,.jpg,G,,
m388,.jpg,G,,
m389,.jpg,G,,
m390,.jpg,G,,
m391,.jpg,G,,
m392,.jpg,G,,
m393,.mp4,G,,
m394,.mp4,G,,
m395,.mp4,G,,
m396,.jpg,G,,
m397,.jpg,G,,
m398,.jpg,G,,
m399,.jpg,G,,
m400,.jpg,G,,
m401,.jpg,G,,
m402,.jpg,G,,
m403,.jpg,G,,
m404,.jpg,G,,
m405,.mp4,G,,
m406,.jpg,G,,
m407,.jpg,G,,
m408,.jpg,G,,
m409,.jpg,G,,
m410,.mp4,G,,
m411,.mp4,?,,
m412,.jpg,?,,
m413,.jpg,?,,
m414,.mp4,?,,
m415,.jpg,?,,
m416,.jpg,?,,
m417,.jpg,?,,
m418,.jpg,?,,
m419,.jpg,?,,
m420,.jpg,?,,
m421,.mp4,?,,
m422,.jpg,?,,
m423,.jpg,?,,
m424,.mp4,?,,
m425,.mp4,?,,
m426,.jpg,?,,
m427,.jpg,?,,
m428,.mp4,?,,
m429,.jpg,?,,
m430,.jpg,?,,
m431,.jpg,?,,
m432,.jpg,?,,
m433,.jpg,?,,
m434,.jpg,?,,
m435,.jpg,?,,
m436,.jpg,?,,
m437,.mp4,?,,
m438,.mp4,?,,
m439,.jpg,?,,
m440,.jpg,?,,
m441,.jpg,?,,
m442,.jpg,?,,
m443,.jpg,?,,
m444,.jpg,?,,
m445,.mp4,?,,
m446,.mp4,?,,
m447,.mp4,?,,
m448,.jpg,?,,
m449,.jpg,?,,
m450,.jpg,?,,
m451,.jpg,?,,
m452,.jpg,?,,
m453,.jpg,?,,
m454,.jpg,?,,
m455,.jpg,?,,
m456,.mp4,!,,
m457,.jpg,!,,
m458,.jpg,!,,
m459,.jpg,!,,
m460,.jpg,!,,
m461,.jpg,!,,
m462,.jpg,!,,
m463,.jpg,!,,
m464,.mp4,!,,
m465,.jpg,!,,
m466,.jpg,!,,
m467,.jpg,!,,
m468,.jpg,!,,
m469,.jpg,!,,
m470,.jpg,!,,
m471,.jpg,!,,
m472,.jpg,!,,
m473,.jpg,!,,
m474,.jpg,!,,
m475,.jpg,!,,
m476,.jpg,!,,
m477,.jpg,!,,
m478,.jpg,!,,
m479,.jpg,!,,
m480,.jpg,!,,
m481,.mp4,!,,
m482,.jpg,!,,
m483,.jpg,!,,
m484,.jpg,!,,
m485,.jpg,!,,
m486,.jpg,!,,
m487,.mp4,!,,
m488,.mp4,!,,
m489,.jpg,!,,
m490,.jpg,!,,
m491,.jpg,!,,
m492,.jpg,!,,
m493,.jpg,!,,
m494,.jpg,!,,
m495,.jpg,!,,
m496,.jpg,!,,
m497,.jpg,!,,
m498,.jpg,!,,
m499,.jpg,!,,
m500,.mp4,!,,
m501,.jpg,!,,
m502,.jpg,!,,
m503,.jpg,!,,
m504,.jpg,!,,
m505,.jpg,!,,
m506,.jpg,!,,
m507,.mp4,!,,
m508,.jpg,!,,
m509,.jpg,!,,
m510,.jpg,!,,
m511,.jpg,!,,
m512,.jpg,!,,
m513,.jpg,!,,
m514,.jpg,!,,
m515,.jpg,!,,
m516,.mp4,!,,
m517,.mp4,!,,
m518,.mp4,!,,
m519,.jpg,!,,
m520,.jpg,!,,
m521,.mp4,!,,
m522,.mp4,!,,
m523,.jpg,!,,
m524,.jpg,!,,
m525,.jpg,!,,
m526,.jpg,!,,
m527,.mp4,:,,
m528,.mp4,:,,
m529,.mp4,:,,
m530,.mp4,:,,
m531,.mp4,:,,
m532,.mp4,:,,
m533,.mp4,:,,
m534,.mp4,:,,
m535,.mp4,:,,
m536,.mp4,:,,
m537,.mp4,:,,
m538,.mp4,:,,
m539,.mp4,:,,
m540,.mp4,:,,
m541,.mp4,:,,
m542,.mp4,:,,
m543,.mp4,:,,
m544,.mp4,:,,
m545,.mp4,:,,
m546,.mp4,:,,
m547,.mp4,:,,
m548,.mp4,:,,
m549,.mp4,:,,
m550,.mp4,:,,
m551,.mp4,!,,
m552,.jpg,!,,
m553,.jpg,!,,
m554,.jpg,!,,
m555,.jpg,?,,
m556,.jpg,?,,
m557,.jpg,?,,
m558,.jpg,?,,
m559,.jpg,?,,
m560,.jpg,?h,,
m561,.jpg,?h,,
m562,.mp4,?h,,
m563,.jpg,?h,,
m564,.jpg,?h,,
m565,.jpg,?h,,
m566,.mp4,?h,,
m567,.mp4,?h,,
m568,.jpg,?h,,
m569,.jpg,?h,,
m570,.jpg,?h,,
m571,.jpg,?h,,
m572,.jpg,?h,,
m573,.jpg,?h,,
m574,.mp4,?h,,
m575,.jpg,?h,,
m576,.jpg,?h,,
m577,.mp4,?h,,
m578,.jpg,?h,,
m579,.mp4,?h,,
m580,.jpg,?h,,
m581,.jpg,?h,,
m582,.jpg,?h,,
m583,.mp4,?h,,
m584,.jpg,?h,,
m585,.jpg,?h,,
m586,.jpg,?h,,
m587,.jpg,?h,,
m588,.mp4,?h,,
m589,.jpg,?h,,
m590,.jpg,?h,,
m591,.jpg,?h,,
m592,.jpg,?h,,
m593,.mp4,?h,,
m594,.jpg,!h,,
m595,.jpg,!h,,
m596,.jpg,!h,,
m597,.jpg,!h,,
m598,.jpg,!h,,
m599,.jpg,!h,,
m600,.jpg,!h,,
m601,.jpg,!h,,
m602,.jpg,!h,,
m603,.jpg,!h,,
m604,.mp4,!h,,
m605,.jpg,!h,,
m606,.jpg,!h,,
m607,.jpg,!h,,
m608,.jpg,!h,,
m609,.jpg,!h,,
m610,.jpg,!h,,
m611,.jpg,!h,,
m612,.jpg,!h,,
m613,.jpg,!h,,
m614,.jpg,!h,,
m615,.jpg,!h,,
m616,.jpg,!h,,
m617,.jpg,!h,,
m618,.mp4,!h,,
m619,.jpg,!h,,
m620,.jpg,!h,,
m621,.jpg,!h,,
m622,.jpg,!h,,
m623,.jpg,!h,,
m624,.mp4,!h,,
m625,.mp4,?h,,
m626,.jpg,?h,,
m627,.mp4,?h,,
m628,.mp4,?h,,
m629,.jpg,?,,
m630,.mp4,?,,
m631,.mp4,?,,
m632,.jpg,?,,
m633,.mp4,?,,
m634,.mp4,?,,
m635,.jpg,?,,
m636,.jpg,?,,
m637,.jpg,?,,
m638,.jpg,?,,
m639,.mp4,?,,
m640,.jpg,?,,
m641,.mp4,?,,
m642,.mp4,?,,
m643,.mp4,?,,
m644,.jpg,?,,
m645,.jpg,?,,
m646,.jpg,?,,
m647,.jpg,?,,
m648,.jpg,?,,
m649,.jpg,?,,
m650,.jpg,?,,
m651,.jpg,?,,
m652,.jpg,?,,
m653,.mp4,?,,
m654,.mp4,?,,
m655,.jpg,?,,
m656,.jpg,?,,
m657,.mp4,?,,
m658,.jpg,?,,
m659,.jpg,?,,
m660,.jpg,?,,
m661,.mp4,?,,
m662,.jpg,?,,
m663,.jpg,?,,
m664,.jpg,?,,
m665,.jpg,?,,
m666,.jpg,?,,
m667,.jpg,?,,
m668,.jpg,?,,
m669,.jpg,?,,
m670,.mp4,?,,
m671,.jpg,?,,
m672,.jpg,?,,
m673,.jpg,?,,
m674,.jpg,?,,
m675,.mp4,?,,
m676,.mp4,?,,
m677,.jpg,?,,
m678,.jpg,?,,
m679,.mp4,?,,
m680,.jpg,?,,
m681,.jpg,?,,
m682,.mp4,?,,
m683,.jpg,?,,
m684,.jpg,?,,
m685,.jpg,?,,
m686,.jpg,?,,
m687,.mp4,?c,,
m688,.mp4,?c,,
m689,.mp4,?c,,
m690,.mp4,?c,,
m691,.jpg,?c,,
m692,.jpg,?c,,
m693,.mp4,?c,,
m694,.jpg,?c,,
m695,.jpg,?c,,
m696,.mp4,?c,,
m697,.jpg,?c,,
m698,.mp4,?c,,
m699,.mp4,?c,,
m700,.mp4,?c,,
m701,.jpg,?c,,
m702,.mp4,?c,,
m703,.jpg,?c,,
m704,.jpg,?c,,
m705,.jpg,?c,,
m706,.jpg,?c,,
m707,.jpg,?c,,
m708,.jpg,?c,,
m709,.mp4,?c,,
m710,.mp4,?c,,
m711,.jpg,?c,,
m712,.jpg,?c,,
m713,.jpg,?c,,
m714,.jpg,?c,,
m715,.jpg,?c,,
m716,.jpg,?c,,
m717,.jpg,?c,,
m718,.jpg,?c,,
m719,.mp4,?c,,
m720,.mp4,?c,,
m721,.jpg,?c,,
m722,.jpg,?c,,
m723,.mp4,?c,,
m724,.mp4,?c,,
m725,.jpg,?c,,
m726,.jpg,?c,,
m727,.jpg,?c,,
m728,.jpg,?c,,
m729,.jpg,?c,,
m730,.jpg,?c,,
m731,.jpg,?c,,
m732,.jpg,?c,,
m733,.jpg,?c,,
m734,.jpg,?c,,
m735,.jpg,?c,,
m736,.jpg,?c,,
m737,.mp4,?c,,
m738,.jpg,?c,,
m739,.mp4,?c,,
m740,.mp4,?c,,
m741,.mp4,?c,,
m742,.mp4,?c,,
m743,.mp4,?c,,
m744,.jpg,?,,
m745,.jpg,?,,
m746,.jpg,?,,
m747,.jpg,?,,
m748,.mp4,?,,
m749,.jpg,?,,
m750,.jpg,?,,
m751,.jpg,?,,
m752,.mp4,?,,
m753,.jpg,?,,
m754,.jpg,?,,
m755,.jpg,?,,
m756,.jpg,?,,
m757,.jpg,?,,
m758,.mp4,?,,
m759,.mp4,?,,
m760,.mp4,?,,
m761,.mp4,?,,
m762,.mp4,?,,
m763,.mp4,?,,
m764,.mp4,?,,
m765,.mp4,?,,
m766,.mp4,?,,
m767,.mp4,?,,
m768,.mp4,?,,
m769,.mp4,?,,
m770,.mp4,?,,
m771,.mp4,?,,
m772,.mp4,?,,
m773,.mp4,?,,
m774,.mp4,?,,
m775,.mp4,?,,
m776,.mp4,?,,
m777,.mp4,?,,
m778,.mp4,?,,
m779,.mp4,?,,
m780,.mp4,?,,
m781,.mp4,!,,
m782,.mp4,!,,
m783,.mp4,!,,
m784,.mp4,!,,
m785,.mp4,!,,
m786,.mp4,!,,
m787,.mp4,!,,
m788,.mp4,!,,
m789,.mp4,?,,
m790,.mp4,?,,
m791,.mp4,?,,
m792,.mp4,?,,
m793,.mp4,?,,
m794,.mp4,?,,
m795,.mp4,?,,
m796,.mp4,?,,
m797,.mp4,?,,
m798,.mp4,?,,
m799,.mp4,?,,
m800,.mp4,?,,
m801,.mp4,?,,
m802,.mp4,?,,
m803,.mp4,?,,
m804,.mp4,?,,
m805,.mp4,?,,
m806,.mp4,?,,
m807,.mp4,?,,
m808,.mp4,?,,
m809,.mp4,&?i,,
m810,.mp4,&,,
m811,.mp4,&,,
m812,.mp4,&,,
m813,.mp4,&,,
m814,.mp4,&,,
m815,.mp4,&,,
m816,.mp4,&,,
m817,.mp4,&,,
m818,.mp4,&,,
m819,.mp4,&,,
m820,.mp4,&,,
m821,.mp4,&,,
m822,.mp4,?,,
m823,.mp4,?,,
m824,.mp4,?,,
m825,.mp4,?,,
m826,.mp4,?,,
m827,.mp4,?,,
m828,.mp4,?,,
m829,.mp4,?,,
m830,.mp4,?,,
m831,.mp4,?,,
m832,.mp4,?,,
m833,.mp4,?,,
m834,.mp4,?,,
m835,.mp4,?,,
m836,.mp4,?,,
m837,.mp4,?,,
m838,.mp4,?,,
m839,.jpg,?,,
m840,.mp4,?,,
m841,.jpg,?,,
m842,.mp4,?,,
m843,.jpg,?,,
m844,.mp4,",?i",,
m845,.mp4,",",,
m846,.mp4,",",,
m847,.mp4,",",,
m848,.mp4,",",,
m849,.mp4,",",,
m850,.mp4,",",,
m851,.mp4,",",,
m852,.mp4,",",,
m853,.mp4,",",,
m854,.mp4,?,,
